,bounds_fid,area_km2,population,business_and_services_count,active_life_count,arts_and_entertainment_count,public_services_count,retail_count,health_and_medical_count,eat_and_drink_count,education_count,attractions_and_activities_count,religious_count,accommodation_count
count,699.0,699.0,699.0,568.0,568.0,568.0,568.0,568.0,568.0,568.0,568.0,568.0,568.0,568.0
mean,349.0,84.14452751935306,242190.39572798857,3716.5140845070423,373.0387323943662,192.80985915492957,435.5035211267606,1899.0264084507041,628.2922535211268,1038.8926056338028,422.30457746478874,259.4172535211268,103.16549295774648,177.79401408450704
std,201.92820506308672,121.80923137539368,549497.5020073665,7155.377816717832,671.8795521043609,389.480560028147,880.2004481433432,3649.2467934897454,1125.3593425599558,2370.4309896365958,797.5488179074056,573.1388960794282,196.12041636119773,382.83243303132525
min,0.0,8.128869297404426,13045.079546817526,135.0,13.0,1.0,16.0,49.0,11.0,14.0,10.0,7.0,3.0,3.0
25%,174.5,38.31709432307524,74620.74507136989,1194.5,119.0,53.0,117.0,625.75,184.5,263.0,128.0,62.0,31.0,37.0
50%,349.0,52.225085486300024,103614.19345876963,1787.5,194.0,92.5,214.0,998.0,322.5,481.5,212.0,111.5,53.0,77.0
75%,523.5,80.45633218036726,195999.9422651396,3228.25,324.5,170.0,388.75,1692.5,587.25,838.75,378.5,214.0,94.0,149.5
max,698.0,1835.9099116670106,9773324.599915627,103597.0,9583.0,5891.0,14537.0,58573.0,13009.0,41241.0,12290.0,9015.0,3085.0,6280.0
