cluster,density_mean,netw_density_mean,mixed_use_mean
1,13122.28361041061,1072.2018,4.267711
2,4721.04558484404,976.3767,2.844965
3,7457.456193142511,1169.9506,4.458986
4,13440.532655869294,1324.8402,6.7958455
5,4127.353770713109,788.0161,2.1399767
6,5104.513735546487,902.44,2.4218493
7,10931.411861457655,1230.9036,4.7097363
8,4433.7125197595515,857.6289,2.377743
