cluster,Building,Block,Mean Height Median,Mean Height Mad,Area Median,Fractal Dimension Median,Block Covered Ratio Median,Shared Walls Median
0,-0.15573449168424525,-0.05309257168695296,-0.02466339001458013,-0.12402962784108798,0.0957850164754925,0.5315676975340117,-0.09318806687507622,-0.06623650572310558
1,0.2188901892173291,0.27190421309624296,0.2628207007945791,0.18658286830753043,-0.025307201899538105,0.0062064551801088415,0.5192367797776828,0.45525311861791024
2,-0.1774401074128616,-0.043995685148703174,0.38114013282099607,0.561717014838102,0.05394863849460572,0.2066736712965906,0.008343375298004515,-0.03534969166644663
3,-0.08763524705966426,-0.0766496194589696,0.08911199518257816,0.018073601181122185,0.017277419506478545,-0.06309970315259068,0.004648173598649862,0.27415635571894764
4,-0.13111177022421056,-0.07747786364030274,0.18802446627015726,-0.11161935510885641,0.2332474888902066,0.04238241604613371,-0.04798008441828963,-0.10770343174788209
5,0.5228914277002009,0.045583450410324605,-0.25553108204639546,-0.1760641800505718,-0.09547047553017868,-0.08895248911807169,-0.027708547422035695,0.13242953399498025
6,-0.2589386573386205,-0.1904538089538527,-0.32510653196399486,-0.24361435745993304,-0.0873089064935509,-0.2747635749752712,-0.32460516734213496,-0.45663718120781055
7,-0.08348857351402096,0.2645328832757523,0.07706098525755897,0.06800233028519588,0.03723887669231888,0.01576544705449824,0.15625820549643768,-0.12801531458486323
