cluster,bounds_fid,city_label,country,x,y,neighbors_within_600m
0,546,Zamora,ES,3012012.730791044,2182555.4106275295,23
1,606,Valdemoro,ES,3156885.152603797,2006542.581843402,14
2,311,Möhringen,DE,4258547.788108804,2846542.243857089,34
3,606,Valdemoro,ES,3156656.3798824013,2005778.3711066642,8
4,661,el Baix Segura / La Vega Baja,ES,3381579.95,1722459.7,11
5,279,Žilina,SK,4958314.6,2937385.95,18
6,573,Baix Llobregat,ES,3652864.3000000003,2061623.8499999999,12
7,502,Pesaro,IT,4556387.467280479,2315538.581868183,12
