cluster,bounds_fid,city_label,country,x,y,neighbors_within_600m
0,620,Sassari,IT,4198239.85,1959698.5499999996,12
1,127,Veenendaal,NL,4014711.0999999996,3222935.6,41
2,576,Baix Llobregat,ES,3652829.70270745,2061344.968005218,33
3,595,Coslada,ES,3173704.878954981,2028483.3996951694,31
4,585,Anzio,IT,4540146.425000001,2047314.35,13
5,606,Valdemoro,ES,3156888.5289044636,2005974.2575394544,9
6,43,Suwałki,PL,5162227.307212378,3521577.004328186,12
7,288,Brest,FR,3257561.0035768617,2915441.722093087,4
