cluster,Building,Block,Mean Height Median,Mean Height Mad,Area Median,Fractal Dimension Median,Block Covered Ratio Median,Shared Walls Median
0,0.07674240807180965,0.3016307580933324,0.288117081241382,0.2204167459168272,-0.012665080751644702,-0.05065692198440795,0.4105149228082725,0.37067230214746455
1,-0.241234131329685,-0.12114574544774223,0.006195476948092764,-0.17185851381003125,0.15493212333206927,0.18691623414042827,-0.16809496088489082,-0.21470839818386117
2,0.5449053949441628,0.00577653089572642,-0.2174716635624619,-0.13540480815972317,-0.11595829092193848,-0.040174842209942864,0.12896773752201146,0.28274463035805586
3,-0.08641454798410056,0.01631451773585641,0.08603609789101756,-0.0640200278671825,0.13346439264552726,0.4926489137837831,0.006806171452521821,0.022022801717105307
4,-0.19517127252560904,-0.15745683577532774,-0.31540210651734,-0.23371089917436264,-0.09486047440126441,-0.27456584393226857,-0.294931836918716,-0.3857065754032613
5,-0.18599697889405575,-0.05586389205462378,0.369756371990459,0.5541956384433414,0.05407891779047888,0.20488289752406,0.006233992286756695,-0.04787461060268626
6,-0.12158981568735736,-0.03153572993213766,0.14394491980956833,-0.01447917752486123,0.06956656590681988,-0.038412798001190414,-0.08287636964841255,0.25465463391150817
7,-0.07774445349662788,0.20326894396129483,0.0687194183701944,0.06523645650777163,0.022458768916494364,-0.03847401991197099,0.14199176973107486,-0.1547438803472117
