cluster,density_mean,netw_density_mean,mixed_use_mean
1,5405.125268646798,909.8582,2.495536
2,13032.254711830337,1343.1588,6.8660665
3,12661.84414681322,1277.7506,5.0767074
4,6724.379234006927,1076.8596,4.151915
5,8044.926406750644,920.7965,2.8880827
6,4308.231242985948,969.34827,2.7175055
7,4501.291391425537,815.9608,2.2717478
8,17179.977674921774,1099.0685,4.95929
