cluster,n_nodes,pct_nodes,Building Mean,Block Mean,Mean Height Median Mean,Mean Height Mad Mean,Area Median Mean,Fractal Dimension Median Mean,Block Covered Ratio Median Mean,Shared Walls Median Mean
0,15652,7.826,10.086668,0.70933175,12.484787,2.0779893,214.49954,1.0310603,0.4952102,20.954699
1,21297,10.6485,1.6713547,0.23234594,7.8019204,0.45768458,704.67633,1.0541376,0.1534933,0.24661165
2,61610,30.805,14.925984,0.35608667,6.143209,0.8386307,84.72493,1.0347265,0.2761034,11.679561
3,2845,1.4224999999999999,1.4913781,0.39984334,11.170027,0.41232324,1364.1143,1.1689817,0.25147536,9.050893
4,58474,29.237000000000002,5.1274652,0.26881048,5.3485374,0.6310905,110.82736,1.0228881,0.15855612,0.48595697
5,17993,8.996500000000001,2.609208,0.2919658,13.387814,3.3777723,429.04956,1.0576924,0.24483642,5.381775
6,11020,5.510000000000001,3.3792462,0.30816737,10.590613,1.023332,544.6445,1.0315372,0.17939985,18.576126
7,11109,5.5545,4.9792576,0.64154565,9.082173,1.4482963,349.99802,1.0315508,0.3468014,0.07015927
