cluster,n_nodes,pct_nodes,Building Mean,Block Mean,Mean Height Median Mean,Mean Height Mad Mean,Area Median Mean,Fractal Dimension Median Mean,Block Covered Ratio Median Mean,Shared Walls Median Mean
0,18957,9.478499999999999,2.8596983,0.503607,11.256528,1.3245656,861.0768,1.0535241,0.29823822,0.2449897
1,42642,21.321,15.946503,0.4120763,5.324862,0.66252315,70.80487,1.0321976,0.24272218,9.922079
2,23955,11.977500000000001,5.103076,0.23133467,10.758187,1.7162973,287.40216,1.033261,0.22164096,12.459865
3,23203,11.6015,13.491581,0.62633365,11.416349,1.6429516,216.88045,1.0405385,0.5163582,21.96641
4,62839,31.4195,4.972233,0.26335263,5.2537737,0.57409286,143.65108,1.0247213,0.16222492,0.03726244
5,7268,3.634,1.9249017,0.24007666,7.3616486,0.40344316,761.9751,1.1185185,0.15954529,4.754428
6,10928,5.464,2.4921482,0.2618288,12.78324,3.9943097,364.4023,1.0412947,0.21480809,2.0765224
7,10208,5.104,3.2781122,0.22271293,5.5515914,0.4804199,171.37184,1.0335726,0.12315153,11.148873
