cluster,Building,Block,Mean Height Median,Mean Height Mad,Area Median,Fractal Dimension Median,Block Covered Ratio Median,Shared Walls Median
0,0.23535292211368233,-0.06128619282101312,-0.4125986203392056,-0.30906673907836774,-0.13244019780483043,-0.26088974558195,-0.2933810920138704,-0.1540595515427338
1,-0.1594970966861392,-0.06161004524118532,0.4570186951026695,0.5693311321129967,0.044807805170185386,0.15116514100225534,0.14217194180068607,0.14541985272817076
2,-0.08763524698668627,-0.07664961959695318,0.08911199518257816,0.018073576420810592,0.017277419506478545,-0.06309970315259068,0.004648173598649862,0.27415635571894764
3,-0.08343564097002562,-0.08333156264030803,-0.09659336268708502,-0.09684416667696569,0.01185623855382731,0.3766876939513034,-0.08761769295227277,-0.06737562291668406
4,-0.1649896758251797,0.01897021484794639,0.020148367654627537,0.10023389229101,-0.003386211121511248,-0.09494570785857379,0.06224096685446635,-0.2824740864896032
5,0.40811773294902937,0.4392855304471268,0.08873888241878419,0.03534921853590983,-0.04434576354741375,0.01229035903544396,0.4627548526540311,0.37234529941892236
6,-0.08813423289686781,0.012178195921277932,0.114999394818516,-0.03641670885343244,0.14972099361297034,0.4651217439553435,0.009916808945701412,0.019230519656683123
7,-0.23130187007680633,-0.16634538150593234,0.01049891546826759,-0.1820421925342441,0.13279322436371876,-0.042510999204625484,-0.16833894972783445,-0.2010909653048232
