cluster,n_nodes,pct_nodes,Area Mean,Perimeter Mean,Compactness Mean,Orientation Mean,Volume Mean,Form Factor Mean,Corners Mean,Shape Index Mean,Fractal Dimension Mean,Block Area Mean,Block Perimeter Mean,Block Compactness Mean,Block Orientation Mean,Block Covered Ratio Mean
0,2167795,36.101288345009074,194.2118340251762,50.610630692707346,0.5227887811927011,28.562144454572973,1700.6426880914203,5.327715059606792,5.9277016481941365,0.7182115467342206,1.036545182236465,31549.92926494059,852.1546763083654,0.39493157733573503,30.03483696253616,0.1887315166623877
1,10618,0.17682644329713204,9692.302426344482,421.17254144122853,0.4489112479496803,20.86246306201758,139958.9183285394,7.632200381562273,16.26405849713214,0.6575650786695046,1.0614589049606633,265015.6025291065,3593.0074753645426,0.3945553462736188,21.399851473164016,0.2946753543751148
2,1330042,22.14980187378076,666.5033450253545,103.95198454425488,0.4380039576662146,20.13051094110142,8020.068730772568,5.995146689170278,8.493208442495638,0.650460827466322,1.0719811059848952,40293.89157218079,927.4254473935285,0.4088629254246251,20.58842523077556,0.2619400585297985
3,2496303,41.572083337913035,186.36925796314358,49.678847068832965,0.5254364738876846,13.338144236462764,1626.079338456704,5.313291643954832,5.875452204058744,0.7201678277100764,1.0371006219257797,32541.04845117058,860.7730948747405,0.39959019646891447,13.180363170697225,0.18310007872631648
